"# of pods","Req/sec","cpu idle","siq","eth0-rx,"eth0-tx,"docker0-rx,"docker0-tx"
1,36559.65,95.2867,4.05817,2.11369e+07,2.11287e+07,2.11369e+07,2.11287e+07
2,58923.96,93.5979,5.83343,3.16334e+07,3.16256e+07,3.16334e+07,3.16256e+07
4,89708.10,93.4166,6.1042,4.79436e+07,4.79333e+07,4.79436e+07,4.79333e+07
6,89833.26,92.9719,6.25,4.92003e+07,4.91911e+07,4.92003e+07,4.91911e+07
8,89397.47,93.33,6.252,4.90618e+07,49052625,4.90618e+07,49052625
10,88958.66,93.3317,6.25028,4.87256e+07,4.87164e+07,4.87256e+07,4.87164e+07
12,-1,-nan,-nan,-nan,-nan,-nan,-nan
